{
    "column": {

        "datatypeArr": [
            {
                "name": "bigint",
                "length": "8",
                "length_canset": false,
                "content": ""
            },
            {
                "name": "int",
                "length": "4",
                "length_canset": false,
                "content": ""
            },
            {
                "name": "smallint",
                "length": "2",
                "length_canset": false,
                "content": ""
            },
            {
                "name": "bit",
                "length": "1",
                "length_canset": false,
                "content": ""
            },
            {
                "name": "float",
                "length": "53",
                "length_canset": true,
                "content": ""
            },
            {
                "name": "decimal",
                "length": "18,4",
                "length_canset": true,
                "content": ""
            },
            {
                "name": "char",
                "length": "1",
                "length_canset": true,
                "content": ""
            },
            {
                "name": "nchar",
                "length": "1",
                "length_canset": true,
                "content": ""
            },
            {
                "name": "varchar",
                "length": "max",
                "length_canset": true,
                "content": ""
            },
            {
                "name": "nvarchar",
                "length": "max",
                "length_canset": true,
                "content": ""
            },
            {
                "name": "date",
                "length": "3",
                "length_canset": false,
                "content": ""
            },
            {
                "name": "time",
                "length": "5",
                "length_canset": false,
                "content": ""
            },
            {
                "name": "datetime",
                "length": "8",
                "length_canset": false,
                "content": ""
            },
            {
                "name": "datetime2",
                "length": "8",
                "length_canset": false,
                "content": ""
            },
            {
                "name": "text",
                "length": "16",
                "length_canset": false,
                "content": ""
            },
            {
                "name": "ntext",
                "length": "16",
                "length_canset": false,
                "content": ""
            },
            {
                "name": "money",
                "length": "8",
                "length_canset": false,
                "content": ""
            },
            {
                "name": "xml",
                "length": "16",
                "length_canset": false,
                "content": ""
            }
        ],
        "defaultValueArr": [
            {
                "name": "getdate()",
                "content": ""
            }
        ]
    }
}
